# Name,   Type, SubType, Offset,  Size, Flags
# Note: Firmware partition offset needs to be 64K aligned, initial 36K (9 sectors) are reserved for bootloader and partition table
esp_secure_cert,   0x3F,       ,     0x10000,   0x2000, encrypted
nvs,               data,    nvs,            ,   0xF000,
nvs_keys,          data,    nvs_keys,       ,   0x2000, encrypted
otadata,           data,    ota,            ,   0x2000,
phy_init,          data,    phy,            ,   0x1000,
ota_0,             app,     ota_0,   0x40000,   0x200000, encrypted
ota_1,             app,     ota_1,  0x240000,   0x200000, encrypted
fctry,             data,    nvs,            ,   0xF000
